ter,year,avg_income,avg_age,avg_hh_size,food_share_pct,savings_rate,women_pct,urban_pct,main_cluster,n_observations,region_name,region_group
01,2016,148686.73841251974,42.09656398104266,2.7031990521327014,40.63129540420435,24.605921263194553,56.27962085308057,52.78436018957346,0,1688,Алтайский край,Сибирь и Дальний Восток
01,2017,152191.98142930187,42.4212389380531,2.679646017699115,40.60577361137934,24.34154848578917,56.342182890855455,51.681415929203546,0,1695,Алтайский край,Сибирь и Дальний Восток
01,2018,152864.03897800192,41.66512968299712,2.7406340057636887,39.0829161027932,22.951932995282654,56.36887608069164,52.91066282420749,0,1735,Алтайский край,Сибирь и Дальний Восток
01,2019,159187.0461733601,42.36087205966724,2.7779690189328745,39.479761348616954,24.635042246309812,56.62650602409639,53.58577165806081,0,1743,Алтайский край,Сибирь и Дальний Восток
01,2020,163080.95520818883,41.398265895953756,2.7520231213872832,40.70267755828317,25.13175836510857,56.936416184971094,54.33526011560693,0,1730,Алтайский край,Сибирь и Дальний Восток
01,2021,173911.65292618237,41.23979591836735,2.766439909297052,40.12998033811282,25.24292554937878,56.235827664399096,55.498866213151935,0,1764,Алтайский край,Сибирь и Дальний Восток
01,2022,186962.87816457383,40.06050228310502,2.8156392694063928,42.623110353194214,21.927219085535192,56.449771689497716,54.90867579908676,0,1752,Алтайский край,Сибирь и Дальний Восток
01,2023,212032.31602694196,41.91740412979351,2.736283185840708,41.70665244830611,22.62686008801265,57.40412979351033,55.28023598820059,1,1695,Алтайский край,Сибирь и Дальний Восток
03,2016,152167.7110451909,40.522466960352425,2.9044052863436125,42.413419085918065,18.688365989245543,55.37444933920705,53.30396475770925,0,2270,Краснодарский край,Средние регионы
03,2017,167299.36392730405,41.49636032757052,2.8662420382165603,41.83405738274906,19.76207550621721,56.005459508644215,52.4112829845314,0,2198,Краснодарский край,Средние регионы
03,2018,178050.47731946709,41.855317206754904,2.806481058877225,42.03064751402949,20.739399249567,55.77361935189411,52.031036056595156,0,2191,Краснодарский край,Средние регионы
03,2019,185237.0607505674,42.965047662278714,2.797094870630958,42.49199931361458,19.916352964908448,55.01588742623695,51.929187471629604,0,2203,Краснодарский край,Средние регионы
03,2020,189441.18527622873,44.12901701323251,2.767485822306238,44.904813836873515,20.96761448322842,56.19092627599244,51.08695652173913,0,2116,Краснодарский край,Средние регионы
03,2021,204781.67495733133,44.727229375298045,2.7739628040057225,44.03562626720666,20.034484511963623,56.79542203147353,50.97758702908918,0,2097,Краснодарский край,Средние регионы
03,2022,223056.4233917504,45.41367437284801,2.719134284308903,45.039413439773,18.506453596156746,57.20609936055091,50.66404328578456,0,2033,Краснодарский край,Средние регионы
03,2023,237356.1377566946,45.75254730713246,2.6977195536147502,45.68734777194842,18.179635311114808,57.05967976710335,49.927219796215425,0,2061,Краснодарский край,Средние регионы
07,2016,147990.06783313132,42.47818181818182,2.855151515151515,40.10946756798286,20.16595913807252,56.6060606060606,50.303030303030305,0,1650,Ставропольский край,Северный Кавказ
07,2017,151469.94678706172,41.9157134256472,2.8964479229379894,38.03683485131878,19.89109344504083,56.170981336544244,51.77603853100542,0,1661,Ставропольский край,Северный Кавказ
07,2018,151694.10487928393,40.22400919012062,3.009764503159104,35.525335237269886,20.746516530939246,56.34692705341757,49.62665134979897,0,1741,Ставропольский край,Северный Кавказ
07,2019,168496.17256100217,41.10754604872252,2.971479500891266,35.20347570543302,19.980094022220868,57.93226381461676,49.9108734402852,0,1683,Ставропольский край,Северный Кавказ
07,2020,176250.08271843588,42.04825090470446,2.94270205066345,38.20399955970158,21.639956973828546,57.599517490952955,50.60313630880579,0,1658,Ставропольский край,Северный Кавказ
07,2021,195624.20334293143,42.68326334733053,2.937612477504499,39.7084343207085,20.303354385572877,56.928614277144575,50.629874025194965,0,1667,Ставропольский край,Северный Кавказ
07,2022,206464.30220978303,41.323232323232325,2.974186307519641,42.56144264924396,18.407631398829846,55.66778900112234,52.58136924803591,0,1782,Ставропольский край,Северный Кавказ
07,2023,250507.31769993893,42.70695970695971,2.8998778998779,43.47639732693144,18.58789460988632,57.936507936507944,51.4041514041514,1,1638,Ставропольский край,Северный Кавказ
12,2016,186864.94168474356,34.39967897271268,3.180577849117175,40.6393422273693,21.69196468616818,55.61797752808989,62.84109149277689,3,1246,Астраханская область,Прикаспий
12,2017,188993.6306498885,33.55211480362538,3.2794561933534743,38.21156195185591,21.50592831538235,55.58912386706949,64.12386706948641,3,1324,Астраханская область,Прикаспий
12,2018,208031.55310625024,34.58879242304657,3.228097868981847,38.127956913029045,20.815454847437692,54.85398579321231,63.93054459352802,1,1267,Астраханская область,Прикаспий
12,2019,222052.76675358915,34.07909162098669,3.2184808144087707,38.848657631675216,21.51796330343936,54.73766640563822,64.60454189506656,1,1277,Астраханская область,Прикаспий
12,2020,232046.83449229365,34.809561128526646,3.243730407523511,41.072828803062485,22.010575960654723,54.937304075235105,64.73354231974922,1,1276,Астраханская область,Прикаспий
12,2021,246245.1614941434,34.83448275862069,3.311111111111111,41.222853551146216,20.51807216822243,54.48275862068965,64.59770114942529,1,1305,Астраханская область,Прикаспий
12,2022,250016.74913862202,34.344902386117134,3.3759942154736082,43.402285794895256,18.57375409577383,52.7114967462039,64.8590021691974,1,1383,Астраханская область,Прикаспий
12,2023,266679.28810903477,34.199400299850076,3.318590704647676,45.197706018591774,20.176372538037842,52.69865067466267,61.76911544227887,1,1334,Астраханская область,Прикаспий
18,2016,148775.06440879384,37.18582887700535,3.1385918003565063,40.73975015473173,21.591022687089847,55.70409982174688,73.0837789661319,0,2244,Волгоградская область,Прикаспий
18,2017,161566.31660150498,37.91402497598463,3.0984630163304514,40.92725434140303,20.951000968522653,56.34005763688761,72.23823246878001,3,2082,Волгоградская область,Прикаспий
18,2018,171749.59253630924,38.33139252789908,3.118874332848132,40.125327816895364,21.423090264313135,57.01115963124697,72.48908296943232,0,2061,Волгоградская область,Прикаспий
18,2019,188094.54797834455,38.20115495668912,3.158806544754572,41.0900848272281,20.378745461588093,56.641000962463906,72.6660250240616,1,2078,Волгоградская область,Прикаспий
18,2020,190236.31153600576,38.025924147863655,3.1526644263082093,42.3704494823096,21.897841327211662,55.83293326932309,73.16370619299087,3,2083,Волгоградская область,Прикаспий
18,2021,203645.56423786408,38.62087378640777,3.108252427184466,41.74224907293223,20.77416531740782,56.01941747572815,72.52427184466019,1,2060,Волгоградская область,Прикаспий
18,2022,226803.48668937423,38.48055145248646,3.1078286558345645,43.29372862658093,20.159340789988317,56.47464303298868,73.06745445593303,1,2031,Волгоградская область,Прикаспий
18,2023,248641.00371711203,39.88900308324769,3.0251798561151078,42.56674836182574,18.91685357079769,57.194244604316545,72.91880781089414,1,1946,Волгоградская область,Прикаспий
26,2016,73025.32534201954,37.25407166123779,4.498371335504886,67.79250810517436,8.61447580134494,49.728555917480996,36.26492942453854,3,921,Республика Ингушетия,Северный Кавказ
26,2017,83287.13502985885,37.755700325732896,4.498371335504886,68.06392117291979,11.494808626150787,49.728555917480996,36.26492942453854,3,921,Республика Ингушетия,Северный Кавказ
26,2018,99066.05229954644,38.37852494577007,4.4728850325379605,64.15778834916709,8.925311897834408,50.108459869848154,36.117136659436014,3,922,Республика Ингушетия,Северный Кавказ
26,2019,116495.12841452842,36.33431661750246,4.869223205506391,64.63041788703883,6.226366759020681,50.93411996066863,32.743362831858406,3,1017,Республика Ингушетия,Северный Кавказ
26,2020,147523.11481045987,36.323588709677416,4.719758064516129,63.554703293489446,5.63965985857918,51.108870967741936,33.36693548387097,3,992,Республика Ингушетия,Северный Кавказ
26,2021,125800.41556195261,33.8955895589559,5.218721872187219,58.34938551983058,5.215867138207446,51.57515751575158,35.64356435643564,3,1111,Республика Ингушетия,Северный Кавказ
26,2022,119411.00718018839,34.40109389243391,5.199635369188696,54.79430416528663,5.624550266833872,51.13947128532361,36.64539653600729,3,1097,Республика Ингушетия,Северный Кавказ
26,2023,137079.0990950643,35.53375912408759,5.172445255474453,57.12206370307252,4.596268825240599,51.64233576642335,36.67883211678832,3,1096,Республика Ингушетия,Северный Кавказ
40,2016,311496.0325271392,40.94109195402299,2.5938697318007664,36.29851059692535,25.87589833261254,57.99808429118774,100.0,1,2088,г. Санкт-Петербург,Богатые регионы
40,2017,331645.03201557096,41.47503707365299,2.5472071181413742,34.99448558866249,26.540671297822097,58.180919426594166,100.0,1,2023,г. Санкт-Петербург,Богатые регионы
40,2018,334760.8386470015,42.18868844466114,2.568015602145295,34.09124121400067,27.674517527996592,57.87420770355924,100.0,1,2051,г. Санкт-Петербург,Богатые регионы
40,2019,365039.41300170816,42.850170815031724,2.562225475841874,34.57051627022014,26.327110824829944,58.467545143972664,100.0,1,2049,г. Санкт-Петербург,Богатые регионы
40,2020,361260.4477166912,43.193231976459046,2.5380088278567925,38.56589740300309,27.68810767661518,58.31289847964689,100.0,1,2039,г. Санкт-Петербург,Богатые регионы
40,2021,377095.3639494925,42.435476075398746,2.582406959884002,37.118137261310316,25.933439283218025,57.22571290478492,100.0,1,2069,г. Санкт-Петербург,Богатые регионы
40,2022,397821.55470800784,42.82470703125,2.568359375,38.89680480779276,25.080204088432343,57.2265625,100.0,1,2048,г. Санкт-Петербург,Богатые регионы
40,2023,399694.192608209,41.6875,2.6646455223880596,39.22952147418506,26.049571396563145,57.13619402985075,100.0,1,2144,г. Санкт-Петербург,Богатые регионы
45,2016,264612.3496857964,40.49628308058281,2.800773119238775,36.89049227938954,19.70429050062167,57.12161760333036,100.0,1,3363,г. Москва,Богатые регионы
45,2017,284624.35306602524,41.68540012217471,2.811850946854001,36.49944697904937,19.355564015085903,57.269395235186316,100.0,1,3274,г. Москва,Богатые регионы
45,2018,279724.9725339751,40.34428086070215,2.964326160815402,34.60039803870291,19.87205359386822,56.483578708946766,100.0,1,3532,г. Москва,Богатые регионы
45,2019,327569.86324073037,40.70786516853933,2.9862359550561797,35.18454117041328,19.824469997688357,56.03932584269663,100.0,1,3560,г. Москва,Богатые регионы
45,2020,320002.58337028435,41.38740568775392,2.9233894370284386,39.03872794759994,20.323786653456477,55.919907138711544,100.0,1,3446,г. Москва,Богатые регионы
45,2021,356687.1145795045,42.28416739830261,2.8911325724319576,38.258810729477744,20.402298403475644,56.482294410301435,100.0,1,3417,г. Москва,Богатые регионы
45,2022,393749.8095437223,42.40059084194978,2.869128508124077,38.027710260977614,20.67329814765678,56.48449039881832,100.0,1,3385,г. Москва,Богатые регионы
45,2023,412820.9612924798,43.65966883500887,2.850975753991721,36.79012748098702,20.577317358898444,56.74157303370787,100.0,1,3382,г. Москва,Богатые регионы
46,2016,161439.86175532517,44.86246297079983,2.5814642403724077,46.836835147352666,7.821387160608309,56.79221328819297,82.52221752010158,0,2363,Московская область,Богатые регионы
46,2017,172988.9530733193,44.80756302521009,2.6201680672268908,46.59110913837988,8.34779507099915,56.134453781512605,83.02521008403362,1,2380,Московская область,Богатые регионы
46,2018,186874.68781772675,44.868374558303884,2.597173144876325,42.7247610843925,7.763149410949496,56.09540636042403,83.56890459363959,1,2264,Московская область,Богатые регионы
46,2019,204140.49282336436,45.62871067789101,2.581745680106336,42.1759130368452,6.925893234365924,56.225077536552945,83.60655737704919,1,2257,Московская область,Богатые регионы
46,2020,201117.11920382024,46.17168539325843,2.547865168539326,44.8292629106517,7.874220820774607,56.359550561797754,83.46067415730337,1,2225,Московская область,Богатые регионы
46,2021,234363.9112087298,46.15994562754871,2.55595831445401,44.13108921494924,13.766023727527983,56.32079746261894,83.5070231082918,1,2207,Московская область,Богатые регионы
46,2022,273308.84679231,45.82016348773842,2.560853769300636,43.750346481326886,16.792640239420574,56.85740236148955,82.83378746594006,1,2202,Московская область,Богатые регионы
46,2023,287861.8766683243,46.61030741410488,2.576853526220615,42.82906569228053,17.49943207619961,57.32368896925859,83.09222423146474,1,2212,Московская область,Богатые регионы
60,2016,136598.92787408075,43.965330932012606,2.8779828905898244,43.52840843542473,17.66921622383135,58.26204412426835,66.18640252138677,0,2221,Ростовская область,Средние регионы
60,2017,150606.54833675854,43.58570761326483,2.8131714152265297,43.000953377114186,17.501919236442458,58.05698271835591,66.37085474077534,0,2141,Ростовская область,Средние регионы
60,2018,158909.2201892184,43.416126042632065,2.8419833178869323,42.81446261610401,18.31308594578708,57.64596848934198,66.35773864689527,0,2158,Ростовская область,Средние регионы
60,2019,171573.15114157286,44.53564727954972,2.7828330206378986,42.236507699602704,17.791051520939295,58.067542213883684,65.15009380863039,0,2132,Ростовская область,Средние регионы
60,2020,171706.213129771,44.76192748091603,2.7776717557251906,43.32725516137756,18.257212602032368,57.91984732824428,64.55152671755725,0,2096,Ростовская область,Средние регионы
60,2021,186150.22311920743,45.079098753595396,2.7305848513902204,42.306323894170326,17.889209512184987,58.149568552253115,65.14860977948226,0,2086,Ростовская область,Средние регионы
60,2022,207249.00781234383,45.90954522738631,2.6616691654172913,43.465621561884724,16.74313335084108,58.97051474262869,64.61769115442279,0,2001,Ростовская область,Средние регионы
60,2023,232623.81240473856,45.97156862745098,2.6441176470588235,44.420156971118196,18.15982502430666,58.333333333333336,63.431372549019606,1,2040,Ростовская область,Средние регионы
76,2016,152294.6878805668,33.80451127819549,3.340080971659919,41.03542862350868,24.12411200177993,55.581260844418736,60.034702139965304,3,1729,Забайкальский край,Сибирь и Дальний Восток
76,2017,170602.92043795338,36.81516587677725,3.145565335138795,41.33876130115092,20.944689894431413,57.21056194989844,62.08530805687204,3,1477,Забайкальский край,Сибирь и Дальний Восток
76,2018,173931.0665505618,36.21744877726371,3.1308658294778584,39.713905361885296,21.44067468470285,57.17118307997357,64.97025776602776,3,1513,Забайкальский край,Сибирь и Дальний Восток
76,2019,209694.089388624,36.86648501362398,3.093324250681199,39.739194989146114,24.741415818688132,56.94822888283378,65.59945504087193,3,1468,Забайкальский край,Сибирь и Дальний Восток
76,2020,225106.20896414103,37.61401000714796,3.045746962115797,41.06589431441512,24.2426367693776,58.3988563259471,64.0457469621158,3,1399,Забайкальский край,Сибирь и Дальний Восток
76,2021,223564.8502268088,37.888888888888886,3.0795529257067717,42.42434681912028,21.771471456748507,58.119658119658126,63.05062458908613,3,1521,Забайкальский край,Сибирь и Дальний Восток
76,2022,273953.8268347701,39.3117816091954,2.985632183908046,43.787205535226796,20.692881319346533,58.04597701149425,64.36781609195403,1,1392,Забайкальский край,Сибирь и Дальний Восток
76,2023,316539.58419000753,40.089326267978805,2.953822861468584,43.07295262889524,20.553964213604438,58.440575321725966,63.436790310370924,1,1321,Забайкальский край,Сибирь и Дальний Восток
79,2016,172441.6020700068,39.53238015138772,3.2321278385197645,41.49215673131428,27.446807496697254,55.92935239697224,48.8645920941968,3,1189,Республика Адыгея,Северный Кавказ
79,2017,174919.97884598214,38.756410256410255,3.2411858974358974,40.16577678330897,27.45108125545118,54.72756410256411,51.442307692307686,3,1248,Республика Адыгея,Северный Кавказ
79,2018,184475.74245509392,38.723505976095616,3.2749003984063747,40.31319054697799,27.628777157984583,54.90039840637451,53.62549800796813,3,1255,Республика Адыгея,Северный Кавказ
79,2019,203433.23013815895,40.10033444816054,3.2433110367892977,41.80424957923117,27.074474103356795,55.68561872909699,52.675585284280935,3,1196,Республика Адыгея,Северный Кавказ
79,2020,209871.7961443728,39.108783239323124,3.3199033037872683,42.77342682493201,26.56995501423458,55.84206285253828,52.296535052377116,3,1241,Республика Адыгея,Северный Кавказ
79,2021,219730.50914564778,38.56195737963694,3.339384372533544,42.11189007494589,24.27395173248549,55.406471981057614,51.85477505919495,3,1267,Республика Адыгея,Северный Кавказ
79,2022,250795.9861872926,39.324959481361425,3.401134521880065,45.79405420900567,24.19333906979566,56.15883306320908,50.405186385737444,3,1234,Республика Адыгея,Северный Кавказ
79,2023,299083.30360437423,40.12553373185312,3.251921434671221,43.43355569262198,23.61538550189329,56.87446626814688,51.152860802732704,1,1171,Республика Адыгея,Северный Кавказ
80,2016,166943.82371951314,36.28105906313645,3.1181262729124235,39.697663329246076,25.152453561055314,55.84521384928717,63.217922606924645,3,2455,Республика Башкортостан,Средние регионы
80,2017,179902.1390452011,35.707287933094385,3.1939466348068497,38.938485573899,23.2812399374192,55.95380326563122,62.923138191955395,3,2511,Республика Башкортостан,Средние регионы
80,2018,185513.85409928774,36.206674708484115,3.220747889022919,37.197991469991976,23.655886579289668,55.48854041013269,62.5653397667873,3,2487,Республика Башкортостан,Средние регионы
80,2019,195771.4850926669,36.02254746835443,3.255142405063291,36.36519807883384,24.3109439701649,55.89398734177215,61.7879746835443,3,2528,Республика Башкортостан,Средние регионы
80,2020,145891.72799973408,36.720781810929395,3.281212604706821,39.3250670851599,26.288315729342695,56.28240925408855,62.106102911846826,3,2507,Республика Башкортостан,Средние регионы
80,2021,214675.44751594137,36.59592795614722,3.296789350039154,37.41503506557045,23.60046935714733,56.02975724353955,61.90289741581832,3,2554,Республика Башкортостан,Средние регионы
80,2022,235036.8655306715,36.798495645288995,3.28978622327791,39.61122576649759,23.897937346299354,56.017418844022174,61.87648456057006,1,2526,Республика Башкортостан,Средние регионы
80,2023,274773.2245914585,37.7723609991942,3.2232070910556003,38.98274673052043,23.849317642712727,57.05076551168412,62.73166800966962,1,2482,Республика Башкортостан,Средние регионы
81,2016,128567.21336702736,36.63519892110587,3.375590020229265,42.65728385638811,22.53446963005749,56.30478759271747,63.317599460552934,3,1483,Республика Бурятия,Сибирь и Дальний Восток
81,2017,136139.61678603874,37.812019566736545,3.340321453529001,40.00992132550613,22.971601677147515,55.9748427672956,62.68343815513627,3,1431,Республика Бурятия,Сибирь и Дальний Восток
81,2018,135445.62994530017,37.648343904157855,3.306553911205074,40.22564797902352,21.999888504550416,56.51867512332629,60.74700493305144,3,1419,Республика Бурятия,Сибирь и Дальний Восток
81,2019,153524.49116061485,38.25708061002179,3.2657952069716774,38.78134461837597,24.409943549445735,55.84604212055192,59.912854030501094,3,1377,Республика Бурятия,Сибирь и Дальний Восток
81,2020,159744.18553399344,38.77909562638992,3.2490733876945885,40.61277324985833,24.381879320540012,56.26389918458117,61.378799110452185,3,1349,Республика Бурятия,Сибирь и Дальний Восток
81,2021,175087.8089718031,39.3205317577548,3.2673559822747413,39.48999509051343,24.45820369946658,55.83456425406204,60.78286558345643,0,1354,Республика Бурятия,Сибирь и Дальний Восток
81,2022,194365.95517373172,39.464285714285715,3.2264437689969605,41.4331057628106,24.17230005153071,55.471124620060785,60.56231003039514,0,1316,Республика Бурятия,Сибирь и Дальний Восток
81,2023,223297.4743986068,41.0735294117647,3.1455108359133126,41.67469788593628,24.217583433758456,56.03715170278638,61.37770897832817,0,1292,Республика Бурятия,Сибирь и Дальний Восток
82,2016,82958.85180065133,38.072498791686805,4.039149347510874,62.274546757596404,4.0342022732309895,51.812469792170134,37.554374093765105,4,2069,Республика Дагестан,Северный Кавказ
82,2017,79345.42451917849,34.215594375798894,4.075841499786962,61.250950140094304,5.235200097627558,51.72560715807414,37.02599062633149,4,2347,Республика Дагестан,Северный Кавказ
82,2018,121200.55836544637,36.52167630057804,3.995664739884393,63.70599097941971,6.0925338359127466,51.252408477842,36.65703275529865,4,2076,Республика Дагестан,Северный Кавказ
82,2019,137911.51289779606,36.938609112709834,3.992326139088729,62.44961260382338,7.973275485746653,50.31175059952039,36.73860911270983,4,2085,Республика Дагестан,Северный Кавказ
82,2020,133030.86226524503,37.63834951456311,3.988834951456311,62.96911837893724,9.187676787462665,50.3883495145631,37.28155339805825,4,2060,Республика Дагестан,Северный Кавказ
82,2021,148075.24898260998,37.44920558497834,3.992778045257583,62.14154706407613,7.8663875647706,50.216658642272506,36.10977371208474,4,2077,Республика Дагестан,Северный Кавказ
82,2022,151430.71969502032,36.940737284181054,3.994400373308446,62.89371941426347,7.862600983133527,50.86327578161456,37.750816612225854,4,2143,Республика Дагестан,Северный Кавказ
82,2023,155606.8650680336,36.53035294117647,4.056,60.72631868216736,8.878962817827185,50.35294117647059,35.05882352941177,2,2125,Республика Дагестан,Северный Кавказ
83,2016,141933.8626224457,38.51353092783505,3.920103092783505,40.08472152986313,20.23423839045455,53.15721649484536,57.02319587628865,3,1552,Кабардино-Балкарская Республика,Северный Кавказ
83,2017,132248.53092912355,37.39964476021314,3.9336885731201896,43.20180637094392,18.003268046878794,54.11486086441681,56.423919478981645,3,1689,Кабардино-Балкарская Республика,Северный Кавказ
83,2018,151152.57615113034,40.043097643097646,3.8363636363636364,44.81243274326733,16.440218025528402,54.882154882154886,56.498316498316505,3,1485,Кабардино-Балкарская Республика,Северный Кавказ
83,2019,142253.65204241424,40.292258064516126,4.025161290322581,44.72978818992886,15.261292711290073,53.677419354838705,57.99999999999999,3,1550,Кабардино-Балкарская Республика,Северный Кавказ
83,2020,143354.72062611728,40.92674950948332,3.9679529103989535,45.32384199094776,14.417734369695747,54.54545454545454,57.8809679529104,3,1529,Кабардино-Балкарская Республика,Северный Кавказ
83,2021,158579.1395214874,41.2074122236671,3.916775032509753,44.50927582100354,13.437719739568882,54.29128738621587,57.21716514954487,3,1538,Кабардино-Балкарская Республика,Северный Кавказ
83,2022,176031.82145825116,41.005917159763314,3.8632478632478633,44.38895836157348,12.938722792300167,54.83234714003945,57.396449704142015,3,1521,Кабардино-Балкарская Республика,Северный Кавказ
83,2023,207062.5105303313,42.40445644834571,3.823767724510466,46.80747642488949,13.073835155785016,55.16542876434841,57.32613099257259,3,1481,Кабардино-Балкарская Республика,Северный Кавказ
84,2016,135478.6764912173,34.38177128116939,3.5408426483233018,37.592296530371435,25.93069084008156,55.11607910576096,21.410146173688734,3,1163,Республика Алтай,Сибирь и Дальний Восток
84,2017,135660.22535023105,35.28438818565401,3.621940928270042,35.37625010703965,25.10101602757232,53.08016877637131,20.42194092827004,3,1185,Республика Алтай,Сибирь и Дальний Восток
84,2018,150710.9453876631,36.20244328097731,3.594240837696335,34.37202336249892,25.570282191849916,53.22862129144852,21.029668411867362,3,1146,Республика Алтай,Сибирь и Дальний Восток
84,2019,153736.64033283642,36.87391304347826,3.5869565217391304,34.483243242409124,25.324763465802047,54.17391304347826,21.478260869565215,3,1150,Республика Алтай,Сибирь и Дальний Восток
84,2020,169056.8591486232,38.28084714548803,3.483425414364641,34.99696676098551,25.632045516990498,54.88029465930019,20.810313075506446,3,1086,Республика Алтай,Сибирь и Дальний Восток
84,2021,175937.19699844817,38.30074487895717,3.446927374301676,35.774441495927626,23.438416186801547,56.052141527001865,19.273743016759777,3,1074,Республика Алтай,Сибирь и Дальний Восток
84,2022,200165.13514181887,38.531219028741326,3.338949454905847,35.639357353601234,24.23049597491914,55.89692765113974,19.22695738354807,3,1009,Республика Алтай,Сибирь и Дальний Восток
84,2023,244151.3019551034,39.486459378134406,3.222668004012036,33.260483411027025,30.20339334855721,55.867602808425275,21.36409227683049,0,997,Республика Алтай,Сибирь и Дальний Восток
85,2016,122981.17117590469,35.97400611620795,3.54434250764526,41.61377928158009,19.961637627575268,55.04587155963303,41.896024464831804,3,1308,Республика Калмыкия,Прикаспий
85,2017,134024.41447755988,36.44708588957055,3.479294478527607,39.21264558490864,18.076481949240033,56.05828220858896,42.02453987730061,3,1304,Республика Калмыкия,Прикаспий
85,2018,148595.72239401314,37.480814408770556,3.47141738449491,38.71970347074312,17.97839424449717,55.36413469068129,41.973375097885665,3,1277,Республика Калмыкия,Прикаспий
85,2019,168578.2131435169,38.1566265060241,3.384738955823293,40.5948434142254,22.539898944364207,55.58232931726907,41.445783132530124,3,1245,Республика Калмыкия,Прикаспий
85,2020,178644.0364383985,39.64598842018197,3.2969396195202645,45.22267729368998,23.44745956363357,54.83870967741935,41.02564102564102,3,1209,Республика Калмыкия,Прикаспий
85,2021,181192.5261649902,40.46437552388935,3.2380553227158426,44.89231779967456,19.119633681208487,55.07124895222128,41.15674769488684,3,1193,Республика Калмыкия,Прикаспий
85,2022,192351.43580437254,41.188245315161836,3.1959114139693354,49.26355307611916,14.68840825805545,55.28109028960818,40.11925042589438,3,1174,Республика Калмыкия,Прикаспий
85,2023,218651.2118752189,42.47022767075306,3.149737302977233,48.94775349090318,13.490740528757676,55.69176882661997,40.01751313485114,0,1142,Республика Калмыкия,Прикаспий
90,2016,134636.84621545448,40.15147265077139,3.7776998597475457,44.41677641002004,19.0613531413202,56.661991584852736,67.25105189340813,3,1426,Республика Северная Осетия-Алания,Северный Кавказ
90,2017,133403.78797248792,38.64353099730458,3.684636118598383,45.324267202148256,19.650311255151443,55.660377358490564,66.71159029649596,3,1484,Республика Северная Осетия-Алания,Северный Кавказ
90,2018,151294.0828844043,40.513011152416354,3.533828996282528,44.260220713163555,17.36656612620453,57.100371747211895,68.32713754646839,3,1345,Республика Северная Осетия-Алания,Северный Кавказ
90,2019,162542.3594826147,41.26781695423856,3.54688672168042,44.38685362034753,16.98711445711339,56.864216054013504,65.94148537134284,3,1333,Республика Северная Осетия-Алания,Северный Кавказ
90,2020,171661.0761097131,42.40530007794232,3.4325798908807483,46.8009198073107,18.848342322443486,57.05378020265004,66.25097427903351,3,1283,Республика Северная Осетия-Алания,Северный Кавказ
90,2021,187289.28890428873,42.66295707472178,3.361685214626391,45.654880309304396,18.992259853454595,57.710651828298886,65.58028616852147,3,1258,Республика Северная Осетия-Алания,Северный Кавказ
90,2022,204176.84129965783,42.8128038897893,3.3452188006482984,46.62967615320299,18.78029209189177,57.94165316045381,65.23500810372771,3,1234,Республика Северная Осетия-Алания,Северный Кавказ
90,2023,218643.68234013888,43.67916666666667,3.2908333333333335,46.506362169226094,18.29062601840675,58.333333333333336,65.83333333333333,0,1200,Республика Северная Осетия-Алания,Северный Кавказ
91,2016,120397.8352129483,36.82039911308204,4.184774575018477,42.2329479932319,20.45988316568379,55.28455284552846,40.280857354028086,3,1353,Карачаево-Черкесская Республика,Северный Кавказ
91,2017,124075.56144539965,36.91307578008915,4.278603268945022,38.76549839551181,19.123498152380645,55.86924219910847,41.97622585438336,3,1346,Карачаево-Черкесская Республика,Северный Кавказ
91,2018,134187.29332452064,37.8093443858327,4.241145440844009,38.55849398636783,19.172031251401055,56.29238884702335,41.89902034664657,3,1327,Карачаево-Черкесская Республика,Северный Кавказ
91,2019,151297.0709457631,38.745341614906835,4.049689440993789,36.16207466304811,21.163363963418835,55.201863354037265,40.91614906832298,3,1288,Карачаево-Черкесская Республика,Северный Кавказ
91,2020,173490.71800424205,39.767857142857146,3.976461038961039,36.10792720381051,24.875289080073394,55.032467532467535,39.77272727272727,3,1232,Карачаево-Черкесская Республика,Северный Кавказ
91,2021,199638.6567318575,40.485281749369214,3.872161480235492,34.50082624679586,22.271372628072275,55.00420521446594,40.20185029436501,3,1189,Карачаево-Черкесская Республика,Северный Кавказ
91,2022,210938.58883512052,39.507793273174734,3.9540607054963086,35.05233713395975,19.988404998892143,54.14273995077933,42.821985233798195,3,1219,Карачаево-Черкесская Республика,Северный Кавказ
91,2023,233877.7927504663,40.70747740345111,3.935086277732128,34.748520639952716,21.561435125591988,53.90304026294166,41.9063270336894,3,1217,Карачаево-Черкесская Республика,Северный Кавказ
92,2016,154102.86625315683,40.92871690427699,3.1812627291242364,37.752428128521466,22.2929727236143,55.193482688391036,73.64562118126273,0,2455,Республика Татарстан,Средние регионы
92,2017,164533.13210124223,40.640165631469976,3.1929606625258797,35.84689835590752,22.992053218411176,55.445134575569355,72.2567287784679,0,2415,Республика Татарстан,Средние регионы
92,2018,171166.10960709339,41.366999168744805,3.1724854530340814,35.52213262818821,23.462451052323523,55.48628428927681,72.19451371571073,0,2406,Республика Татарстан,Средние регионы
92,2019,181043.8921980057,41.50875050875051,3.205942205942206,34.519879817308166,22.97741552354893,55.55555555555556,72.36467236467237,0,2457,Республика Татарстан,Средние регионы
92,2020,185630.12389039856,42.377508361204015,3.1421404682274248,36.29472705854757,24.285676959816044,55.64381270903011,72.5752508361204,0,2392,Республика Татарстан,Средние регионы
92,2021,208215.96590155296,42.34234608985025,3.1218801996672214,34.880293754432415,24.105598445268065,55.11647254575707,73.16971713810317,0,2404,Республика Татарстан,Средние регионы
92,2022,230878.79600507804,42.22572614107884,3.1099585062240664,36.994781665697076,22.624712819939187,55.18672199170125,73.23651452282157,0,2410,Республика Татарстан,Средние регионы
92,2023,255450.27495626282,43.18053777208707,3.009816474605207,37.473445485279555,23.548977180785602,55.697823303457106,72.94067434912506,1,2343,Республика Татарстан,Средние регионы
93,2016,111182.62816345417,28.312655086848636,4.03287841191067,41.72346158405595,23.282080094755344,55.14888337468983,43.17617866004963,3,1612,Республика Тыва,Сибирь и Дальний Восток
93,2017,118619.42870252438,28.410272669625872,3.872542802790108,39.24484397966414,20.610572715310603,54.914394419784394,44.324667089410276,3,1577,Республика Тыва,Сибирь и Дальний Восток
93,2018,132833.05465537135,27.34613147178592,4.150087260034904,37.56401158095708,21.889511822170515,54.333915066899365,39.674229203025014,3,1719,Республика Тыва,Сибирь и Дальний Восток
93,2019,146458.97799296206,27.468286899822168,4.257854179016005,33.68305287366237,23.690671538922608,55.898043864848844,39.83402489626556,3,1687,Республика Тыва,Сибирь и Дальний Восток
93,2020,160564.16811947097,28.299816063764563,4.236051502145923,32.803254044279925,23.623496307069544,54.445125689760886,41.69221336603311,3,1631,Республика Тыва,Сибирь и Дальний Восток
93,2021,176876.04593722813,27.957611940298506,4.245373134328358,30.618801714544887,25.07196192793414,54.507462686567166,43.16417910447761,3,1675,Республика Тыва,Сибирь и Дальний Восток
93,2022,202994.83349320336,28.346499102333933,4.18491921005386,33.2280171070564,22.771278288937413,53.91980849790544,43.02812687013764,3,1671,Республика Тыва,Сибирь и Дальний Восток
93,2023,245798.70245581295,28.39219219219219,4.145345345345345,32.5985480692341,22.761493702565346,53.69369369369369,42.34234234234234,2,1665,Республика Тыва,Сибирь и Дальний Восток
96,2016,86096.87989894231,30.59941804073715,4.7972841901066925,53.11103956804614,11.184203915725496,50.82444228903976,40.05819592628516,3,1031,Чеченская Республика,Северный Кавказ
96,2017,77087.19372642686,29.340746624305005,4.872915011914218,51.67192893186991,11.135270570789364,50.992851469420174,43.05003971405878,3,1259,Чеченская Республика,Северный Кавказ
96,2018,92322.91603434707,32.095238095238095,4.742296918767507,52.79812223611725,10.227369917592283,50.04668534080299,44.81792717086835,3,1071,Чеченская Республика,Северный Кавказ
96,2019,96349.89151536119,32.26173772261198,4.957906098219104,51.48849178517198,13.027718572359095,49.86508364813815,45.763626551538046,3,1853,Чеченская Республика,Северный Кавказ
96,2020,119603.06820670376,33.01453175457481,5.010226049515608,52.76111150687823,18.17072215110543,49.892357373519914,45.80193756727664,3,1858,Чеченская Республика,Северный Кавказ
96,2021,135283.60438559385,33.8245521601686,5.073761854583773,49.78510058359954,18.13304825900595,50.21074815595363,45.10010537407798,3,1898,Чеченская Республика,Северный Кавказ
96,2022,158418.4018171588,33.80712008501594,5.041976620616365,53.39335088051182,15.825363341228309,49.734325185972374,45.05844845908608,3,1882,Чеченская Республика,Северный Кавказ
96,2023,187471.46182965807,34.4258962011771,5.061530230069556,54.1555399438476,20.059789866841435,50.29427501337614,44.087747458533975,3,1869,Чеченская Республика,Северный Кавказ
99,2016,171627.86793061317,34.38865836791148,3.255878284923928,37.676909320306365,20.28114486982373,54.77178423236515,67.7731673582296,3,723,Еврейская автономная область,Сибирь и Дальний Восток
99,2017,204749.42687687467,35.294629898403485,3.1291727140783743,36.48131056895831,21.622696358744662,55.878084179970976,68.94049346879537,1,689,Еврейская автономная область,Сибирь и Дальний Восток
99,2018,221097.05046681748,35.990950226244344,3.037707390648567,33.71292966608893,23.735290640228108,56.25942684766214,72.09653092006033,2,663,Еврейская автономная область,Сибирь и Дальний Восток
99,2019,250793.66818425196,36.196850393700785,2.9653543307086614,32.98858982161073,25.500050960934054,57.637795275590555,72.1259842519685,1,635,Еврейская автономная область,Сибирь и Дальний Восток
99,2020,239216.19084660237,36.18210361067504,3.053375196232339,34.68966424761894,24.923700826927668,57.45682888540031,71.7425431711146,1,637,Еврейская автономная область,Сибирь и Дальний Восток
99,2021,270860.0886709333,36.296,2.9968,34.1474697079701,22.812147552428783,57.28,71.52,1,625,Еврейская автономная область,Сибирь и Дальний Восток
99,2022,267335.9877305636,37.02332361516035,2.9300291545189503,35.06270365849572,23.164923350072428,58.16326530612245,74.9271137026239,1,686,Еврейская автономная область,Сибирь и Дальний Восток
99,2023,337969.4288924466,36.172413793103445,3.037766830870279,32.6693820496555,25.08463419895314,56.32183908045977,70.44334975369459,1,609,Еврейская автономная область,Сибирь и Дальний Восток
